Group,Course Progress
U19 Munster 2023,37
U19 Munster 2023,49
U19 Munster 2023,0
U19 Munster 2023,24
U19 Munster 2023,0
U19 Munster 2023,0
U19 Munster 2023,0
U19 Munster 2023,4
U19 Munster 2023,0
U19 Munster 2023,8
U19 Munster 2023,0
U19 Munster 2023,4
U19 Munster 2023,0
U19 Munster 2023,0
U19 Munster 2023,1
U19 Munster 2023,0
U19 Munster 2023,0
U19 Munster 2023,0
U19 Munster 2023,0
U19 Munster 2023,0
U17 Schools Munster 2023,100
U17 Schools Munster 2023,96
U17 Schools Munster 2023,100
U17 Schools Munster 2023,100
U17 Schools Munster 2023,100
U17 Schools Munster 2023,100
U17 Schools Munster 2023,24
U17 Schools Munster 2023,100
U17 Schools Munster 2023,14
U17 Schools Munster 2023,97
U17 Schools Munster 2023,92
U17 Schools Munster 2023,100
U17 Schools Munster 2023,98
U17 Schools Munster 2023,67
U17 Schools Munster 2023,53
U17 Schools Munster 2023,25
U17 Schools Munster 2023,85
U17 Schools Munster 2023,84
U17 Schools Munster 2023,56
U17 Schools Munster 2023,0
U17 Schools Munster 2023,23
U17 Schools Munster 2023,8
U17 Schools Munster 2023,71
U17 Schools Munster 2023,0
U17 Schools Munster 2023,29
U17 Schools Munster 2023,0
U17 Schools Munster 2023,8
U17 Schools Munster 2023,0
U17 Schools Munster 2023,0
U17 Schools Munster 2023,0
U17 Schools Munster 2023,0
U17 Schools Munster 2023,0
U17 Schools Munster 2023,0
U17 Schools Munster 2023,0
U17 Schools Munster 2023,0
U17 Schools Munster 2023,0
U17 Clubs Munster 2023,100
U17 Clubs Munster 2023,37
U17 Clubs Munster 2023,34
U17 Clubs Munster 2023,100
U17 Clubs Munster 2023,0
U17 Clubs Munster 2023,100
U17 Clubs Munster 2023,52
U17 Clubs Munster 2023,100
U17 Clubs Munster 2023,100
U17 Clubs Munster 2023,0
U17 Clubs Munster 2023,65
U17 Clubs Munster 2023,20
U17 Clubs Munster 2023,93
U17 Clubs Munster 2023,92
U17 Clubs Munster 2023,49
U17 Clubs Munster 2023,68
U17 Clubs Munster 2023,70
U17 Clubs Munster 2023,25
U17 Clubs Munster 2023,0
U17 Clubs Munster 2023,0
U17 Clubs Munster 2023,32
U17 Clubs Munster 2023,17
U17 Clubs Munster 2023,0
U17 Clubs Munster 2023,0
U17 Clubs Munster 2023,0
U17 Clubs Munster 2023,3
U17 Clubs Munster 2023,0
U17 Clubs Munster 2023,0
U17 Clubs Munster 2023,0
U17 Clubs Munster 2023,0
U17 Clubs Munster 2023,0
U17 Clubs Munster 2023,0
U17 Clubs Munster 2023,0
U17 Clubs Munster 2023,0
U17 Clubs Munster 2023,0
U17 Clubs Munster 2023,0
U17 Clubs Munster 2023,0
U17 Clubs Munster 2023,0
U17 Clubs Munster 2023,0
U17 Clubs Munster 2023,0
U18 Schools Munster 2023,0
U18 Schools Munster 2023,100
U18 Schools Munster 2023,8
U18 Schools Munster 2023,38
U18 Schools Munster 2023,36
U18 Schools Munster 2023,52
U18 Schools Munster 2023,7
U18 Schools Munster 2023,38
U18 Schools Munster 2023,8
U18 Schools Munster 2023,9
U18 Schools Munster 2023,51
U18 Schools Munster 2023,16
U18 Schools Munster 2023,16
U18 Schools Munster 2023,20
U18 Schools Munster 2023,10
U18 Schools Munster 2023,6
U18 Schools Munster 2023,0
U18 Schools Munster 2023,0
U18 Schools Munster 2023,0
U18 Schools Munster 2023,2
U18 Schools Munster 2023,18
U18 Schools Munster 2023,44
U18 Schools Munster 2023,0
U18 Schools Munster 2023,16
U18 Schools Munster 2023,0
U18 Schools Munster 2023,0
U18 Schools Munster 2023,0
U18 Schools Munster 2023,0
U18 Schools Munster 2023,0
U18 Schools Munster 2023,0
U18 Clubs Munster 2023,13
U18 Clubs Munster 2023,92
U18 Clubs Munster 2023,93
U18 Clubs Munster 2023,92
U18 Clubs Munster 2023,80
U18 Clubs Munster 2023,100
U18 Clubs Munster 2023,100
U18 Clubs Munster 2023,88
U18 Clubs Munster 2023,51
U18 Clubs Munster 2023,0
U18 Clubs Munster 2023,84
U18 Clubs Munster 2023,57
U18 Clubs Munster 2023,61
U18 Clubs Munster 2023,28
U18 Clubs Munster 2023,0
U18 Clubs Munster 2023,64
U18 Clubs Munster 2023,0
U18 Clubs Munster 2023,71
U18 Clubs Munster 2023,0
U18 Clubs Munster 2023,14
U18 Clubs Munster 2023,0
U18 Clubs Munster 2023,21
U18 Clubs Munster 2023,0
U18 Clubs Munster 2023,24
U18 Clubs Munster 2023,1
U18 Clubs Munster 2023,0
U18 Clubs Munster 2023,0
U18 Clubs Munster 2023,0
U18 Clubs Munster 2023,0
U18 Clubs Munster 2023,0
U18 Clubs Munster 2023,0
U18 Clubs Munster 2023,0
U18 Clubs Munster 2023,0
